"","date","Antarctic_mass","monthly_average","No_Smoothing","Greenland_mass","extent"
"1",1880,NA,NA,-0.17,NA,NA
"2",1881,NA,NA,-0.09,NA,NA
"3",1882,NA,NA,-0.11,NA,NA
"4",1883,NA,NA,-0.18,NA,NA
"5",1884,NA,NA,-0.28,NA,NA
"6",1885,NA,NA,-0.33,NA,NA
"7",1886,NA,NA,-0.31,NA,NA
"8",1887,NA,NA,-0.36,NA,NA
"9",1888,NA,NA,-0.17,NA,NA
"10",1889,NA,NA,-0.1,NA,NA
"11",1890,NA,NA,-0.35,NA,NA
"12",1891,NA,NA,-0.22,NA,NA
"13",1892,NA,NA,-0.27,NA,NA
"14",1893,NA,NA,-0.32,NA,NA
"15",1894,NA,NA,-0.32,NA,NA
"16",1895,NA,NA,-0.23,NA,NA
"17",1896,NA,NA,-0.11,NA,NA
"18",1897,NA,NA,-0.11,NA,NA
"19",1898,NA,NA,-0.27,NA,NA
"20",1899,NA,NA,-0.18,NA,NA
"21",1900,NA,NA,-0.08,NA,NA
"22",1901,NA,NA,-0.16,NA,NA
"23",1902,NA,NA,-0.28,NA,NA
"24",1903,NA,NA,-0.37,NA,NA
"25",1904,NA,NA,-0.47,NA,NA
"26",1905,NA,NA,-0.26,NA,NA
"27",1906,NA,NA,-0.22,NA,NA
"28",1907,NA,NA,-0.39,NA,NA
"29",1908,NA,NA,-0.43,NA,NA
"30",1909,NA,NA,-0.48,NA,NA
"31",1910,NA,NA,-0.43,NA,NA
"32",1911,NA,NA,-0.44,NA,NA
"33",1912,NA,NA,-0.36,NA,NA
"34",1913,NA,NA,-0.34,NA,NA
"35",1914,NA,NA,-0.15,NA,NA
"36",1915,NA,NA,-0.14,NA,NA
"37",1916,NA,NA,-0.36,NA,NA
"38",1917,NA,NA,-0.46,NA,NA
"39",1918,NA,NA,-0.3,NA,NA
"40",1919,NA,NA,-0.28,NA,NA
"41",1920,NA,NA,-0.27,NA,NA
"42",1921,NA,NA,-0.19,NA,NA
"43",1922,NA,NA,-0.29,NA,NA
"44",1923,NA,NA,-0.27,NA,NA
"45",1924,NA,NA,-0.27,NA,NA
"46",1925,NA,NA,-0.22,NA,NA
"47",1926,NA,NA,-0.11,NA,NA
"48",1927,NA,NA,-0.22,NA,NA
"49",1928,NA,NA,-0.2,NA,NA
"50",1929,NA,NA,-0.36,NA,NA
"51",1930,NA,NA,-0.16,NA,NA
"52",1931,NA,NA,-0.09,NA,NA
"53",1932,NA,NA,-0.15,NA,NA
"54",1933,NA,NA,-0.28,NA,NA
"55",1934,NA,NA,-0.12,NA,NA
"56",1935,NA,NA,-0.2,NA,NA
"57",1936,NA,NA,-0.14,NA,NA
"58",1937,NA,NA,-0.02,NA,NA
"59",1938,NA,NA,0,NA,NA
"60",1939,NA,NA,-0.01,NA,NA
"61",1940,NA,NA,0.13,NA,NA
"62",1941,NA,NA,0.19,NA,NA
"63",1942,NA,NA,0.07,NA,NA
"64",1943,NA,NA,0.09,NA,NA
"65",1944,NA,NA,0.21,NA,NA
"66",1945,NA,NA,0.09,NA,NA
"67",1946,NA,NA,-0.07,NA,NA
"68",1947,NA,NA,-0.02,NA,NA
"69",1948,NA,NA,-0.1,NA,NA
"70",1949,NA,NA,-0.11,NA,NA
"71",1950,NA,NA,-0.17,NA,NA
"72",1951,NA,NA,-0.07,NA,NA
"73",1952,NA,NA,0.01,NA,NA
"74",1953,NA,NA,0.08,NA,NA
"75",1954,NA,NA,-0.13,NA,NA
"76",1955,NA,NA,-0.14,NA,NA
"77",1956,NA,NA,-0.19,NA,NA
"78",1957,NA,NA,0.05,NA,NA
"79",1958,NA,NA,0.06,NA,NA
"80",1958.2027,NA,315.7,NA,NA,NA
"81",1958.2877,NA,317.45,NA,NA,NA
"82",1958.3699,NA,317.51,NA,NA,NA
"83",1958.4548,NA,317.24,NA,NA,NA
"84",1958.537,NA,315.86,NA,NA,NA
"85",1958.6219,NA,314.93,NA,NA,NA
"86",1958.7068,NA,313.2,NA,NA,NA
"87",1958.789,NA,312.43,NA,NA,NA
"88",1958.874,NA,313.33,NA,NA,NA
"89",1958.9562,NA,314.67,NA,NA,NA
"90",1959,NA,NA,0.03,NA,NA
"91",1959.0411,NA,315.58,NA,NA,NA
"92",1959.126,NA,316.48,NA,NA,NA
"93",1959.2027,NA,316.65,NA,NA,NA
"94",1959.2877,NA,317.72,NA,NA,NA
"95",1959.3699,NA,318.29,NA,NA,NA
"96",1959.4548,NA,318.15,NA,NA,NA
"97",1959.537,NA,316.54,NA,NA,NA
"98",1959.6219,NA,314.8,NA,NA,NA
"99",1959.7068,NA,313.84,NA,NA,NA
"100",1959.789,NA,313.33,NA,NA,NA
"101",1959.874,NA,314.81,NA,NA,NA
"102",1959.9562,NA,315.58,NA,NA,NA
"103",1960,NA,NA,-0.03,NA,NA
"104",1960.041,NA,316.43,NA,NA,NA
"105",1960.1257,NA,316.98,NA,NA,NA
"106",1960.2049,NA,317.58,NA,NA,NA
"107",1960.2896,NA,319.03,NA,NA,NA
"108",1960.3716,NA,320.04,NA,NA,NA
"109",1960.4563,NA,319.59,NA,NA,NA
"110",1960.5383,NA,318.18,NA,NA,NA
"111",1960.623,NA,315.9,NA,NA,NA
"112",1960.7077,NA,314.17,NA,NA,NA
"113",1960.7896,NA,313.83,NA,NA,NA
"114",1960.8743,NA,315,NA,NA,NA
"115",1960.9563,NA,316.19,NA,NA,NA
"116",1961,NA,NA,0.06,NA,NA
"117",1961.0411,NA,316.89,NA,NA,NA
"118",1961.126,NA,317.7,NA,NA,NA
"119",1961.2027,NA,318.54,NA,NA,NA
"120",1961.2877,NA,319.48,NA,NA,NA
"121",1961.3699,NA,320.58,NA,NA,NA
"122",1961.4548,NA,319.77,NA,NA,NA
"123",1961.537,NA,318.57,NA,NA,NA
"124",1961.6219,NA,316.79,NA,NA,NA
"125",1961.7068,NA,314.99,NA,NA,NA
"126",1961.789,NA,315.31,NA,NA,NA
"127",1961.874,NA,316.1,NA,NA,NA
"128",1961.9562,NA,317.01,NA,NA,NA
"129",1962,NA,NA,0.03,NA,NA
"130",1962.0411,NA,317.94,NA,NA,NA
"131",1962.126,NA,318.55,NA,NA,NA
"132",1962.2027,NA,319.68,NA,NA,NA
"133",1962.2877,NA,320.57,NA,NA,NA
"134",1962.3699,NA,321.02,NA,NA,NA
"135",1962.4548,NA,320.62,NA,NA,NA
"136",1962.537,NA,319.61,NA,NA,NA
"137",1962.6219,NA,317.4,NA,NA,NA
"138",1962.7068,NA,316.25,NA,NA,NA
"139",1962.789,NA,315.42,NA,NA,NA
"140",1962.874,NA,316.69,NA,NA,NA
"141",1962.9562,NA,317.7,NA,NA,NA
"142",1963,NA,NA,0.05,NA,NA
"143",1963.0411,NA,318.74,NA,NA,NA
"144",1963.126,NA,319.07,NA,NA,NA
"145",1963.2027,NA,319.86,NA,NA,NA
"146",1963.2877,NA,321.38,NA,NA,NA
"147",1963.3699,NA,322.25,NA,NA,NA
"148",1963.4548,NA,321.48,NA,NA,NA
"149",1963.537,NA,319.74,NA,NA,NA
"150",1963.6219,NA,317.77,NA,NA,NA
"151",1963.7068,NA,316.21,NA,NA,NA
"152",1963.789,NA,315.99,NA,NA,NA
"153",1963.874,NA,317.07,NA,NA,NA
"154",1963.9562,NA,318.35,NA,NA,NA
"155",1964,NA,NA,-0.2,NA,NA
"156",1964.041,NA,319.57,NA,NA,NA
"157",1964.1257,NA,320.01,NA,NA,NA
"158",1964.2049,NA,320.74,NA,NA,NA
"159",1964.2896,NA,321.84,NA,NA,NA
"160",1964.3716,NA,322.26,NA,NA,NA
"161",1964.4563,NA,321.89,NA,NA,NA
"162",1964.5383,NA,320.44,NA,NA,NA
"163",1964.623,NA,318.69,NA,NA,NA
"164",1964.7077,NA,316.7,NA,NA,NA
"165",1964.7896,NA,316.87,NA,NA,NA
"166",1964.8743,NA,317.68,NA,NA,NA
"167",1964.9563,NA,318.71,NA,NA,NA
"168",1965,NA,NA,-0.11,NA,NA
"169",1965.0411,NA,319.44,NA,NA,NA
"170",1965.126,NA,320.44,NA,NA,NA
"171",1965.2027,NA,320.89,NA,NA,NA
"172",1965.2877,NA,322.14,NA,NA,NA
"173",1965.3699,NA,322.17,NA,NA,NA
"174",1965.4548,NA,321.87,NA,NA,NA
"175",1965.537,NA,321.21,NA,NA,NA
"176",1965.6219,NA,318.87,NA,NA,NA
"177",1965.7068,NA,317.81,NA,NA,NA
"178",1965.789,NA,317.3,NA,NA,NA
"179",1965.874,NA,318.87,NA,NA,NA
"180",1965.9562,NA,319.42,NA,NA,NA
"181",1966,NA,NA,-0.06,NA,NA
"182",1966.0411,NA,320.62,NA,NA,NA
"183",1966.126,NA,321.6,NA,NA,NA
"184",1966.2027,NA,322.39,NA,NA,NA
"185",1966.2877,NA,323.7,NA,NA,NA
"186",1966.3699,NA,324.08,NA,NA,NA
"187",1966.4548,NA,323.75,NA,NA,NA
"188",1966.537,NA,322.38,NA,NA,NA
"189",1966.6219,NA,320.36,NA,NA,NA
"190",1966.7068,NA,318.64,NA,NA,NA
"191",1966.789,NA,318.1,NA,NA,NA
"192",1966.874,NA,319.78,NA,NA,NA
"193",1966.9562,NA,321.03,NA,NA,NA
"194",1967,NA,NA,-0.02,NA,NA
"195",1967.0411,NA,322.33,NA,NA,NA
"196",1967.126,NA,322.5,NA,NA,NA
"197",1967.2027,NA,323.04,NA,NA,NA
"198",1967.2877,NA,324.42,NA,NA,NA
"199",1967.3699,NA,325,NA,NA,NA
"200",1967.4548,NA,324.09,NA,NA,NA
"201",1967.537,NA,322.54,NA,NA,NA
"202",1967.6219,NA,320.92,NA,NA,NA
"203",1967.7068,NA,319.25,NA,NA,NA
"204",1967.789,NA,319.39,NA,NA,NA
"205",1967.874,NA,320.73,NA,NA,NA
"206",1967.9562,NA,321.96,NA,NA,NA
"207",1968,NA,NA,-0.08,NA,NA
"208",1968.041,NA,322.57,NA,NA,NA
"209",1968.1257,NA,323.15,NA,NA,NA
"210",1968.2049,NA,323.89,NA,NA,NA
"211",1968.2896,NA,325.02,NA,NA,NA
"212",1968.3716,NA,325.57,NA,NA,NA
"213",1968.4563,NA,325.36,NA,NA,NA
"214",1968.5383,NA,324.14,NA,NA,NA
"215",1968.623,NA,322.11,NA,NA,NA
"216",1968.7077,NA,320.33,NA,NA,NA
"217",1968.7896,NA,320.25,NA,NA,NA
"218",1968.8743,NA,321.32,NA,NA,NA
"219",1968.9563,NA,322.89,NA,NA,NA
"220",1969,NA,NA,0.05,NA,NA
"221",1969.0411,NA,324,NA,NA,NA
"222",1969.126,NA,324.42,NA,NA,NA
"223",1969.2027,NA,325.63,NA,NA,NA
"224",1969.2877,NA,326.66,NA,NA,NA
"225",1969.3699,NA,327.38,NA,NA,NA
"226",1969.4548,NA,326.71,NA,NA,NA
"227",1969.537,NA,325.88,NA,NA,NA
"228",1969.6219,NA,323.66,NA,NA,NA
"229",1969.7068,NA,322.38,NA,NA,NA
"230",1969.789,NA,321.78,NA,NA,NA
"231",1969.874,NA,322.86,NA,NA,NA
"232",1969.9562,NA,324.12,NA,NA,NA
"233",1970,NA,NA,0.02,NA,NA
"234",1970.0411,NA,325.06,NA,NA,NA
"235",1970.126,NA,325.98,NA,NA,NA
"236",1970.2027,NA,326.93,NA,NA,NA
"237",1970.2877,NA,328.13,NA,NA,NA
"238",1970.3699,NA,328.08,NA,NA,NA
"239",1970.4548,NA,327.67,NA,NA,NA
"240",1970.537,NA,326.34,NA,NA,NA
"241",1970.6219,NA,324.69,NA,NA,NA
"242",1970.7068,NA,323.1,NA,NA,NA
"243",1970.789,NA,323.06,NA,NA,NA
"244",1970.874,NA,324.01,NA,NA,NA
"245",1970.9562,NA,325.13,NA,NA,NA
"246",1971,NA,NA,-0.08,NA,NA
"247",1971.0411,NA,326.17,NA,NA,NA
"248",1971.126,NA,326.68,NA,NA,NA
"249",1971.2027,NA,327.17,NA,NA,NA
"250",1971.2877,NA,327.79,NA,NA,NA
"251",1971.3699,NA,328.93,NA,NA,NA
"252",1971.4548,NA,328.57,NA,NA,NA
"253",1971.537,NA,327.36,NA,NA,NA
"254",1971.6219,NA,325.43,NA,NA,NA
"255",1971.7068,NA,323.36,NA,NA,NA
"256",1971.789,NA,323.56,NA,NA,NA
"257",1971.874,NA,324.8,NA,NA,NA
"258",1971.9562,NA,326.01,NA,NA,NA
"259",1972,NA,NA,0.01,NA,NA
"260",1972.041,NA,326.77,NA,NA,NA
"261",1972.1257,NA,327.63,NA,NA,NA
"262",1972.2049,NA,327.75,NA,NA,NA
"263",1972.2896,NA,329.72,NA,NA,NA
"264",1972.3716,NA,330.07,NA,NA,NA
"265",1972.4563,NA,329.09,NA,NA,NA
"266",1972.5383,NA,328.04,NA,NA,NA
"267",1972.623,NA,326.32,NA,NA,NA
"268",1972.7077,NA,324.84,NA,NA,NA
"269",1972.7896,NA,325.2,NA,NA,NA
"270",1972.8743,NA,326.5,NA,NA,NA
"271",1972.9563,NA,327.55,NA,NA,NA
"272",1973,NA,NA,0.16,NA,NA
"273",1973.0411,NA,328.55,NA,NA,NA
"274",1973.126,NA,329.56,NA,NA,NA
"275",1973.2027,NA,330.3,NA,NA,NA
"276",1973.2877,NA,331.5,NA,NA,NA
"277",1973.3699,NA,332.48,NA,NA,NA
"278",1973.4548,NA,332.07,NA,NA,NA
"279",1973.537,NA,330.87,NA,NA,NA
"280",1973.6219,NA,329.31,NA,NA,NA
"281",1973.7068,NA,327.51,NA,NA,NA
"282",1973.789,NA,327.18,NA,NA,NA
"283",1973.874,NA,328.16,NA,NA,NA
"284",1973.9562,NA,328.64,NA,NA,NA
"285",1974,NA,NA,-0.07,NA,NA
"286",1974.0411,NA,329.35,NA,NA,NA
"287",1974.126,NA,330.71,NA,NA,NA
"288",1974.2027,NA,331.48,NA,NA,NA
"289",1974.2877,NA,332.65,NA,NA,NA
"290",1974.375,NA,333.19,NA,NA,NA
"291",1974.4583,NA,332.2,NA,NA,NA
"292",1974.5417,NA,331.07,NA,NA,NA
"293",1974.625,NA,329.15,NA,NA,NA
"294",1974.7083,NA,327.33,NA,NA,NA
"295",1974.7917,NA,327.28,NA,NA,NA
"296",1974.875,NA,328.31,NA,NA,NA
"297",1974.9583,NA,329.58,NA,NA,NA
"298",1975,NA,NA,-0.01,NA,NA
"299",1975.0417,NA,330.73,NA,NA,NA
"300",1975.125,NA,331.46,NA,NA,NA
"301",1975.2083,NA,331.94,NA,NA,NA
"302",1975.2917,NA,333.11,NA,NA,NA
"303",1975.375,NA,333.95,NA,NA,NA
"304",1975.4583,NA,333.42,NA,NA,NA
"305",1975.5417,NA,331.97,NA,NA,NA
"306",1975.625,NA,329.95,NA,NA,NA
"307",1975.7083,NA,328.5,NA,NA,NA
"308",1975.7917,NA,328.36,NA,NA,NA
"309",1975.875,NA,329.38,NA,NA,NA
"310",1975.9583,NA,330.78,NA,NA,NA
"311",1976,NA,NA,-0.1,NA,NA
"312",1976.0417,NA,331.56,NA,NA,NA
"313",1976.125,NA,332.74,NA,NA,NA
"314",1976.2083,NA,333.36,NA,NA,NA
"315",1976.2917,NA,334.74,NA,NA,NA
"316",1976.375,NA,334.72,NA,NA,NA
"317",1976.4583,NA,333.98,NA,NA,NA
"318",1976.5417,NA,333.08,NA,NA,NA
"319",1976.625,NA,330.68,NA,NA,NA
"320",1976.7083,NA,328.96,NA,NA,NA
"321",1976.7917,NA,328.72,NA,NA,NA
"322",1976.875,NA,330.16,NA,NA,NA
"323",1976.9583,NA,331.62,NA,NA,NA
"324",1977,NA,NA,0.18,NA,NA
"325",1977.0417,NA,332.68,NA,NA,NA
"326",1977.125,NA,333.17,NA,NA,NA
"327",1977.2083,NA,334.96,NA,NA,NA
"328",1977.2917,NA,336.14,NA,NA,NA
"329",1977.375,NA,336.93,NA,NA,NA
"330",1977.4583,NA,336.17,NA,NA,NA
"331",1977.5417,NA,334.89,NA,NA,NA
"332",1977.625,NA,332.56,NA,NA,NA
"333",1977.7083,NA,331.29,NA,NA,NA
"334",1977.7917,NA,331.28,NA,NA,NA
"335",1977.875,NA,332.46,NA,NA,NA
"336",1977.9583,NA,333.6,NA,NA,NA
"337",1978,NA,NA,0.07,NA,NA
"338",1978.0417,NA,334.94,NA,NA,NA
"339",1978.125,NA,335.26,NA,NA,NA
"340",1978.2083,NA,336.66,NA,NA,NA
"341",1978.2917,NA,337.69,NA,NA,NA
"342",1978.375,NA,338.02,NA,NA,NA
"343",1978.4583,NA,338.01,NA,NA,NA
"344",1978.5417,NA,336.5,NA,NA,NA
"345",1978.625,NA,334.42,NA,NA,NA
"346",1978.7083,NA,332.36,NA,NA,NA
"347",1978.7917,NA,332.45,NA,NA,NA
"348",1978.875,NA,333.76,NA,NA,NA
"349",1978.9583,NA,334.91,NA,NA,NA
"350",1979,NA,NA,0.16,NA,"7,05"
"351",1979.0417,NA,336.14,NA,NA,NA
"352",1979.125,NA,336.69,NA,NA,NA
"353",1979.2083,NA,338.27,NA,NA,NA
"354",1979.2917,NA,338.82,NA,NA,NA
"355",1979.375,NA,339.24,NA,NA,NA
"356",1979.4583,NA,339.26,NA,NA,NA
"357",1979.5417,NA,337.54,NA,NA,NA
"358",1979.625,NA,335.72,NA,NA,NA
"359",1979.7083,NA,333.97,NA,NA,NA
"360",1979.7917,NA,334.24,NA,NA,NA
"361",1979.875,NA,335.32,NA,NA,NA
"362",1979.9583,NA,336.82,NA,NA,NA
"363",1980,NA,NA,0.26,NA,"7,67"
"364",1980.0417,NA,337.9,NA,NA,NA
"365",1980.125,NA,338.34,NA,NA,NA
"366",1980.2083,NA,340.07,NA,NA,NA
"367",1980.2917,NA,340.93,NA,NA,NA
"368",1980.375,NA,341.45,NA,NA,NA
"369",1980.4583,NA,341.36,NA,NA,NA
"370",1980.5417,NA,339.45,NA,NA,NA
"371",1980.625,NA,337.67,NA,NA,NA
"372",1980.7083,NA,336.25,NA,NA,NA
"373",1980.7917,NA,336.14,NA,NA,NA
"374",1980.875,NA,337.3,NA,NA,NA
"375",1980.9583,NA,338.29,NA,NA,NA
"376",1981,NA,NA,0.32,NA,"7,14"
"377",1981.0417,NA,339.29,NA,NA,NA
"378",1981.125,NA,340.55,NA,NA,NA
"379",1981.2083,NA,341.63,NA,NA,NA
"380",1981.2917,NA,342.6,NA,NA,NA
"381",1981.375,NA,343.04,NA,NA,NA
"382",1981.4583,NA,342.54,NA,NA,NA
"383",1981.5417,NA,340.82,NA,NA,NA
"384",1981.625,NA,338.48,NA,NA,NA
"385",1981.7083,NA,336.95,NA,NA,NA
"386",1981.7917,NA,337.05,NA,NA,NA
"387",1981.875,NA,338.57,NA,NA,NA
"388",1981.9583,NA,339.91,NA,NA,NA
"389",1982,NA,NA,0.14,NA,"7,3"
"390",1982.0417,NA,340.93,NA,NA,NA
"391",1982.125,NA,341.76,NA,NA,NA
"392",1982.2083,NA,342.77,NA,NA,NA
"393",1982.2917,NA,343.96,NA,NA,NA
"394",1982.375,NA,344.77,NA,NA,NA
"395",1982.4583,NA,343.88,NA,NA,NA
"396",1982.5417,NA,342.42,NA,NA,NA
"397",1982.625,NA,340.24,NA,NA,NA
"398",1982.7083,NA,338.38,NA,NA,NA
"399",1982.7917,NA,338.41,NA,NA,NA
"400",1982.875,NA,339.44,NA,NA,NA
"401",1982.9583,NA,340.78,NA,NA,NA
"402",1983,NA,NA,0.31,NA,"7,39"
"403",1983.0417,NA,341.57,NA,NA,NA
"404",1983.125,NA,342.79,NA,NA,NA
"405",1983.2083,NA,343.37,NA,NA,NA
"406",1983.2917,NA,345.4,NA,NA,NA
"407",1983.375,NA,346.14,NA,NA,NA
"408",1983.4583,NA,345.76,NA,NA,NA
"409",1983.5417,NA,344.32,NA,NA,NA
"410",1983.625,NA,342.51,NA,NA,NA
"411",1983.7083,NA,340.46,NA,NA,NA
"412",1983.7917,NA,340.53,NA,NA,NA
"413",1983.875,NA,341.79,NA,NA,NA
"414",1983.9583,NA,343.2,NA,NA,NA
"415",1984,NA,NA,0.16,NA,"6,81"
"416",1984.0417,NA,344.21,NA,NA,NA
"417",1984.125,NA,344.92,NA,NA,NA
"418",1984.2083,NA,345.68,NA,NA,NA
"419",1984.2917,NA,347.37,NA,NA,NA
"420",1984.375,NA,347.78,NA,NA,NA
"421",1984.4583,NA,347.16,NA,NA,NA
"422",1984.5417,NA,345.79,NA,NA,NA
"423",1984.625,NA,343.74,NA,NA,NA
"424",1984.7083,NA,341.59,NA,NA,NA
"425",1984.7917,NA,341.86,NA,NA,NA
"426",1984.875,NA,343.31,NA,NA,NA
"427",1984.9583,NA,345,NA,NA,NA
"428",1985,NA,NA,0.12,NA,"6,7"
"429",1985.0417,NA,345.48,NA,NA,NA
"430",1985.125,NA,346.41,NA,NA,NA
"431",1985.2083,NA,347.91,NA,NA,NA
"432",1985.2917,NA,348.66,NA,NA,NA
"433",1985.375,NA,349.28,NA,NA,NA
"434",1985.4583,NA,348.65,NA,NA,NA
"435",1985.5417,NA,346.9,NA,NA,NA
"436",1985.625,NA,345.26,NA,NA,NA
"437",1985.7083,NA,343.47,NA,NA,NA
"438",1985.7917,NA,343.35,NA,NA,NA
"439",1985.875,NA,344.73,NA,NA,NA
"440",1985.9583,NA,346.12,NA,NA,NA
"441",1986,NA,NA,0.18,NA,"7,41"
"442",1986.0417,NA,346.78,NA,NA,NA
"443",1986.125,NA,347.48,NA,NA,NA
"444",1986.2083,NA,348.25,NA,NA,NA
"445",1986.2917,NA,349.86,NA,NA,NA
"446",1986.375,NA,350.52,NA,NA,NA
"447",1986.4583,NA,349.98,NA,NA,NA
"448",1986.5417,NA,348.25,NA,NA,NA
"449",1986.625,NA,346.17,NA,NA,NA
"450",1986.7083,NA,345.48,NA,NA,NA
"451",1986.7917,NA,344.82,NA,NA,NA
"452",1986.875,NA,346.22,NA,NA,NA
"453",1986.9583,NA,347.49,NA,NA,NA
"454",1987,NA,NA,0.32,NA,"7,28"
"455",1987.0417,NA,348.73,NA,NA,NA
"456",1987.125,NA,348.92,NA,NA,NA
"457",1987.2083,NA,349.81,NA,NA,NA
"458",1987.2917,NA,351.4,NA,NA,NA
"459",1987.375,NA,352.15,NA,NA,NA
"460",1987.4583,NA,351.58,NA,NA,NA
"461",1987.5417,NA,350.21,NA,NA,NA
"462",1987.625,NA,348.2,NA,NA,NA
"463",1987.7083,NA,346.66,NA,NA,NA
"464",1987.7917,NA,346.72,NA,NA,NA
"465",1987.875,NA,348.08,NA,NA,NA
"466",1987.9583,NA,349.28,NA,NA,NA
"467",1988,NA,NA,0.39,NA,"7,37"
"468",1988.0417,NA,350.51,NA,NA,NA
"469",1988.125,NA,351.7,NA,NA,NA
"470",1988.2083,NA,352.5,NA,NA,NA
"471",1988.2917,NA,353.67,NA,NA,NA
"472",1988.375,NA,354.35,NA,NA,NA
"473",1988.4583,NA,353.88,NA,NA,NA
"474",1988.5417,NA,352.8,NA,NA,NA
"475",1988.625,NA,350.49,NA,NA,NA
"476",1988.7083,NA,348.97,NA,NA,NA
"477",1988.7917,NA,349.37,NA,NA,NA
"478",1988.875,NA,350.42,NA,NA,NA
"479",1988.9583,NA,351.62,NA,NA,NA
"480",1989,NA,NA,0.27,NA,"7,01"
"481",1989.0417,NA,353.07,NA,NA,NA
"482",1989.125,NA,353.43,NA,NA,NA
"483",1989.2083,NA,354.08,NA,NA,NA
"484",1989.2917,NA,355.72,NA,NA,NA
"485",1989.375,NA,355.95,NA,NA,NA
"486",1989.4583,NA,355.44,NA,NA,NA
"487",1989.5417,NA,354.05,NA,NA,NA
"488",1989.625,NA,351.84,NA,NA,NA
"489",1989.7083,NA,350.09,NA,NA,NA
"490",1989.7917,NA,350.33,NA,NA,NA
"491",1989.875,NA,351.55,NA,NA,NA
"492",1989.9583,NA,352.91,NA,NA,NA
"493",1990,NA,NA,0.45,NA,"6,14"
"494",1990.0417,NA,353.86,NA,NA,NA
"495",1990.125,NA,355.1,NA,NA,NA
"496",1990.2083,NA,355.75,NA,NA,NA
"497",1990.2917,NA,356.38,NA,NA,NA
"498",1990.375,NA,357.38,NA,NA,NA
"499",1990.4583,NA,356.39,NA,NA,NA
"500",1990.5417,NA,354.89,NA,NA,NA
"501",1990.625,NA,353.06,NA,NA,NA
"502",1990.7083,NA,351.38,NA,NA,NA
"503",1990.7917,NA,351.69,NA,NA,NA
"504",1990.875,NA,353.14,NA,NA,NA
"505",1990.9583,NA,354.41,NA,NA,NA
"506",1991,NA,NA,0.4,NA,"6,47"
"507",1991.0417,NA,354.93,NA,NA,NA
"508",1991.125,NA,355.82,NA,NA,NA
"509",1991.2083,NA,357.33,NA,NA,NA
"510",1991.2917,NA,358.77,NA,NA,NA
"511",1991.375,NA,359.23,NA,NA,NA
"512",1991.4583,NA,358.23,NA,NA,NA
"513",1991.5417,NA,356.3,NA,NA,NA
"514",1991.625,NA,353.97,NA,NA,NA
"515",1991.7083,NA,352.34,NA,NA,NA
"516",1991.7917,NA,352.43,NA,NA,NA
"517",1991.875,NA,353.89,NA,NA,NA
"518",1991.9583,NA,355.21,NA,NA,NA
"519",1992,NA,NA,0.22,NA,"7,47"
"520",1992.0417,NA,356.34,NA,NA,NA
"521",1992.125,NA,357.21,NA,NA,NA
"522",1992.2083,NA,357.97,NA,NA,NA
"523",1992.2917,NA,359.22,NA,NA,NA
"524",1992.375,NA,359.71,NA,NA,NA
"525",1992.4583,NA,359.44,NA,NA,NA
"526",1992.5417,NA,357.15,NA,NA,NA
"527",1992.625,NA,354.99,NA,NA,NA
"528",1992.7083,NA,353.01,NA,NA,NA
"529",1992.7917,NA,353.41,NA,NA,NA
"530",1992.875,NA,354.42,NA,NA,NA
"531",1992.9583,NA,355.68,NA,NA,NA
"532",1993,NA,NA,0.23,NA,"6,4"
"533",1993.0417,NA,357.1,NA,NA,NA
"534",1993.125,NA,357.42,NA,NA,NA
"535",1993.2083,NA,358.59,NA,NA,NA
"536",1993.2917,NA,359.39,NA,NA,NA
"537",1993.375,NA,360.3,NA,NA,NA
"538",1993.4583,NA,359.64,NA,NA,NA
"539",1993.5417,NA,357.45,NA,NA,NA
"540",1993.625,NA,355.76,NA,NA,NA
"541",1993.7083,NA,354.14,NA,NA,NA
"542",1993.7917,NA,354.23,NA,NA,NA
"543",1993.875,NA,355.53,NA,NA,NA
"544",1993.9583,NA,357.03,NA,NA,NA
"545",1994,NA,NA,0.32,NA,"7,14"
"546",1994.0417,NA,358.36,NA,NA,NA
"547",1994.125,NA,359.04,NA,NA,NA
"548",1994.2083,NA,360.11,NA,NA,NA
"549",1994.2917,NA,361.36,NA,NA,NA
"550",1994.375,NA,361.78,NA,NA,NA
"551",1994.4583,NA,360.94,NA,NA,NA
"552",1994.5417,NA,359.51,NA,NA,NA
"553",1994.625,NA,357.59,NA,NA,NA
"554",1994.7083,NA,355.86,NA,NA,NA
"555",1994.7917,NA,356.21,NA,NA,NA
"556",1994.875,NA,357.65,NA,NA,NA
"557",1994.9583,NA,359.1,NA,NA,NA
"558",1995,NA,NA,0.45,NA,"6,08"
"559",1995.0417,NA,360.04,NA,NA,NA
"560",1995.125,NA,361,NA,NA,NA
"561",1995.2083,NA,361.98,NA,NA,NA
"562",1995.2917,NA,363.44,NA,NA,NA
"563",1995.375,NA,363.83,NA,NA,NA
"564",1995.4583,NA,363.33,NA,NA,NA
"565",1995.5417,NA,361.78,NA,NA,NA
"566",1995.625,NA,359.33,NA,NA,NA
"567",1995.7083,NA,358.32,NA,NA,NA
"568",1995.7917,NA,358.14,NA,NA,NA
"569",1995.875,NA,359.61,NA,NA,NA
"570",1995.9583,NA,360.82,NA,NA,NA
"571",1996,NA,NA,0.33,NA,"7,58"
"572",1996.0417,NA,362.2,NA,NA,NA
"573",1996.125,NA,363.36,NA,NA,NA
"574",1996.2083,NA,364.28,NA,NA,NA
"575",1996.2917,NA,364.69,NA,NA,NA
"576",1996.375,NA,365.25,NA,NA,NA
"577",1996.4583,NA,365.06,NA,NA,NA
"578",1996.5417,NA,363.69,NA,NA,NA
"579",1996.625,NA,361.55,NA,NA,NA
"580",1996.7083,NA,359.69,NA,NA,NA
"581",1996.7917,NA,359.72,NA,NA,NA
"582",1996.875,NA,361.04,NA,NA,NA
"583",1996.9583,NA,362.39,NA,NA,NA
"584",1997,NA,NA,0.46,NA,"6,69"
"585",1997.0417,NA,363.24,NA,NA,NA
"586",1997.125,NA,364.21,NA,NA,NA
"587",1997.2083,NA,364.65,NA,NA,NA
"588",1997.2917,NA,366.49,NA,NA,NA
"589",1997.375,NA,366.77,NA,NA,NA
"590",1997.4583,NA,365.73,NA,NA,NA
"591",1997.5417,NA,364.46,NA,NA,NA
"592",1997.625,NA,362.4,NA,NA,NA
"593",1997.7083,NA,360.44,NA,NA,NA
"594",1997.7917,NA,360.98,NA,NA,NA
"595",1997.875,NA,362.65,NA,NA,NA
"596",1997.9583,NA,364.51,NA,NA,NA
"597",1998,NA,NA,0.61,NA,"6,54"
"598",1998.0417,NA,365.39,NA,NA,NA
"599",1998.125,NA,366.1,NA,NA,NA
"600",1998.2083,NA,367.36,NA,NA,NA
"601",1998.2917,NA,368.79,NA,NA,NA
"602",1998.375,NA,369.56,NA,NA,NA
"603",1998.4583,NA,369.13,NA,NA,NA
"604",1998.5417,NA,367.98,NA,NA,NA
"605",1998.625,NA,366.1,NA,NA,NA
"606",1998.7083,NA,364.16,NA,NA,NA
"607",1998.7917,NA,364.54,NA,NA,NA
"608",1998.875,NA,365.67,NA,NA,NA
"609",1998.9583,NA,367.3,NA,NA,NA
"610",1999,NA,NA,0.38,NA,"6,12"
"611",1999.0417,NA,368.35,NA,NA,NA
"612",1999.125,NA,369.28,NA,NA,NA
"613",1999.2083,NA,369.84,NA,NA,NA
"614",1999.2917,NA,371.15,NA,NA,NA
"615",1999.375,NA,371.12,NA,NA,NA
"616",1999.4583,NA,370.46,NA,NA,NA
"617",1999.5417,NA,369.61,NA,NA,NA
"618",1999.625,NA,367.06,NA,NA,NA
"619",1999.7083,NA,364.95,NA,NA,NA
"620",1999.7917,NA,365.52,NA,NA,NA
"621",1999.875,NA,366.88,NA,NA,NA
"622",1999.9583,NA,368.26,NA,NA,NA
"623",2000,NA,NA,0.39,NA,"6,25"
"624",2000.0417,NA,369.45,NA,NA,NA
"625",2000.125,NA,369.71,NA,NA,NA
"626",2000.2083,NA,370.75,NA,NA,NA
"627",2000.2917,NA,371.98,NA,NA,NA
"628",2000.375,NA,371.75,NA,NA,NA
"629",2000.4583,NA,371.87,NA,NA,NA
"630",2000.5417,NA,370.02,NA,NA,NA
"631",2000.625,NA,368.27,NA,NA,NA
"632",2000.7083,NA,367.15,NA,NA,NA
"633",2000.7917,NA,367.18,NA,NA,NA
"634",2000.875,NA,368.53,NA,NA,NA
"635",2000.9583,NA,369.83,NA,NA,NA
"636",2001,NA,NA,0.53,NA,"6,73"
"637",2001.0417,NA,370.76,NA,NA,NA
"638",2001.125,NA,371.69,NA,NA,NA
"639",2001.2083,NA,372.63,NA,NA,NA
"640",2001.2917,NA,373.55,NA,NA,NA
"641",2001.375,NA,374.03,NA,NA,NA
"642",2001.4583,NA,373.4,NA,NA,NA
"643",2001.5417,NA,371.68,NA,NA,NA
"644",2001.625,NA,369.78,NA,NA,NA
"645",2001.7083,NA,368.34,NA,NA,NA
"646",2001.7917,NA,368.61,NA,NA,NA
"647",2001.875,NA,369.94,NA,NA,NA
"648",2001.9583,NA,371.42,NA,NA,NA
"649",2002,NA,NA,0.63,NA,"5,83"
"650",2002.0417,NA,372.7,NA,NA,NA
"651",2002.125,NA,373.37,NA,NA,NA
"652",2002.2083,NA,374.3,NA,NA,NA
"653",2002.29,0,NA,NA,0,NA
"654",2002.2917,NA,375.19,NA,NA,NA
"655",2002.35,23.7,NA,NA,65.8,NA
"656",2002.375,NA,375.93,NA,NA,NA
"657",2002.4583,NA,375.69,NA,NA,NA
"658",2002.5417,NA,374.16,NA,NA,NA
"659",2002.62,-51.67,NA,NA,-224.67,NA
"660",2002.625,NA,372.03,NA,NA,NA
"661",2002.7083,NA,370.92,NA,NA,NA
"662",2002.71,47.89,NA,NA,-245.64,NA
"663",2002.79,72.21,NA,NA,-214.48,NA
"664",2002.7917,NA,370.73,NA,NA,NA
"665",2002.87,-59.54,NA,NA,-214.66,NA
"666",2002.875,NA,372.43,NA,NA,NA
"667",2002.9583,NA,373.98,NA,NA,NA
"668",2002.96,-41.94,NA,NA,-200.39,NA
"669",2003,NA,NA,0.62,NA,"6,12"
"670",2003.04,-47.77,NA,NA,-152.42,NA
"671",2003.0417,NA,375.07,NA,NA,NA
"672",2003.12,-196.05,NA,NA,-162.43,NA
"673",2003.125,NA,375.82,NA,NA,NA
"674",2003.2,-164.51,NA,NA,-98.49,NA
"675",2003.2083,NA,376.64,NA,NA,NA
"676",2003.29,-35.46,NA,NA,-52.01,NA
"677",2003.2917,NA,377.92,NA,NA,NA
"678",2003.36,6.62,NA,NA,-44.82,NA
"679",2003.375,NA,378.78,NA,NA,NA
"680",2003.4583,NA,378.46,NA,NA,NA
"681",2003.54,-118.07,NA,NA,-221.59,NA
"682",2003.5417,NA,376.88,NA,NA,NA
"683",2003.62,-113.38,NA,NA,-356.91,NA
"684",2003.625,NA,374.57,NA,NA,NA
"685",2003.7083,NA,373.34,NA,NA,NA
"686",2003.71,-121.68,NA,NA,-397.93,NA
"687",2003.79,-38.91,NA,NA,-395.24,NA
"688",2003.7917,NA,373.31,NA,NA,NA
"689",2003.87,-98.21,NA,NA,-398.45,NA
"690",2003.875,NA,374.84,NA,NA,NA
"691",2003.9583,NA,376.17,NA,NA,NA
"692",2003.96,-263.54,NA,NA,-358.42,NA
"693",2004,NA,NA,0.53,NA,"5,98"
"694",2004.02,-324.03,NA,NA,-381.55,NA
"695",2004.0417,NA,377.17,NA,NA,NA
"696",2004.125,NA,378.05,NA,NA,NA
"697",2004.13,-482.18,NA,NA,-389.01,NA
"698",2004.2083,NA,379.06,NA,NA,NA
"699",2004.21,-330.45,NA,NA,-367.29,NA
"700",2004.29,-376.34,NA,NA,-306,NA
"701",2004.2917,NA,380.54,NA,NA,NA
"702",2004.37,-147.69,NA,NA,-322.29,NA
"703",2004.375,NA,380.8,NA,NA,NA
"704",2004.4583,NA,379.87,NA,NA,NA
"705",2004.46,-180.02,NA,NA,-341.61,NA
"706",2004.54,-304.17,NA,NA,-438.89,NA
"707",2004.5417,NA,377.65,NA,NA,NA
"708",2004.62,-157.91,NA,NA,-564.18,NA
"709",2004.625,NA,376.17,NA,NA,NA
"710",2004.7083,NA,374.43,NA,NA,NA
"711",2004.71,-154.07,NA,NA,-604.13,NA
"712",2004.79,-77.58,NA,NA,-622.81,NA
"713",2004.7917,NA,374.63,NA,NA,NA
"714",2004.87,-219.45,NA,NA,-580.55,NA
"715",2004.875,NA,376.33,NA,NA,NA
"716",2004.9583,NA,377.68,NA,NA,NA
"717",2004.96,-298,NA,NA,-556.08,NA
"718",2005,NA,NA,0.67,NA,"5,5"
"719",2005.04,-384.07,NA,NA,-570.42,NA
"720",2005.0417,NA,378.63,NA,NA,NA
"721",2005.12,-446.8,NA,NA,-548.22,NA
"722",2005.125,NA,379.91,NA,NA,NA
"723",2005.2,-397.61,NA,NA,-502.83,NA
"724",2005.2083,NA,380.95,NA,NA,NA
"725",2005.29,-243.25,NA,NA,-496.65,NA
"726",2005.2917,NA,382.48,NA,NA,NA
"727",2005.37,-221.04,NA,NA,-458.91,NA
"728",2005.375,NA,382.64,NA,NA,NA
"729",2005.4583,NA,382.4,NA,NA,NA
"730",2005.46,-197.63,NA,NA,-506.1,NA
"731",2005.54,-151.79,NA,NA,-635.12,NA
"732",2005.5417,NA,380.93,NA,NA,NA
"733",2005.62,-201.2,NA,NA,-825.7,NA
"734",2005.625,NA,378.93,NA,NA,NA
"735",2005.7083,NA,376.89,NA,NA,NA
"736",2005.71,-104.09,NA,NA,-890.98,NA
"737",2005.79,-97.81,NA,NA,-880.58,NA
"738",2005.7917,NA,377.19,NA,NA,NA
"739",2005.87,-51.27,NA,NA,-879.12,NA
"740",2005.875,NA,378.54,NA,NA,NA
"741",2005.9583,NA,380.31,NA,NA,NA
"742",2005.96,-156,NA,NA,-828.45,NA
"743",2006,NA,NA,0.63,NA,"5,86"
"744",2006.04,-216.53,NA,NA,-851.88,NA
"745",2006.0417,NA,381.58,NA,NA,NA
"746",2006.12,-309.85,NA,NA,-803.77,NA
"747",2006.125,NA,382.4,NA,NA,NA
"748",2006.2,-174.33,NA,NA,-784.77,NA
"749",2006.2083,NA,382.86,NA,NA,NA
"750",2006.29,-150.68,NA,NA,-807.74,NA
"751",2006.2917,NA,384.8,NA,NA,NA
"752",2006.37,-71.71,NA,NA,-799.47,NA
"753",2006.375,NA,385.22,NA,NA,NA
"754",2006.45,-42.03,NA,NA,-809.6,NA
"755",2006.4583,NA,384.24,NA,NA,NA
"756",2006.54,-91.59,NA,NA,-896.2,NA
"757",2006.5417,NA,382.65,NA,NA,NA
"758",2006.62,-1.54,NA,NA,-1023.51,NA
"759",2006.625,NA,380.6,NA,NA,NA
"760",2006.7083,NA,379.04,NA,NA,NA
"761",2006.71,-13.62,NA,NA,-1083.41,NA
"762",2006.79,-88.09,NA,NA,-1069.79,NA
"763",2006.7917,NA,379.33,NA,NA,NA
"764",2006.87,-80.56,NA,NA,-1097.89,NA
"765",2006.875,NA,380.35,NA,NA,NA
"766",2006.9583,NA,382.02,NA,NA,NA
"767",2006.96,-226.28,NA,NA,-1105.95,NA
"768",2007,NA,NA,0.66,NA,"4,27"
"769",2007.04,-430.45,NA,NA,-1073.21,NA
"770",2007.0417,NA,383.1,NA,NA,NA
"771",2007.12,-420.86,NA,NA,-1033.27,NA
"772",2007.125,NA,384.12,NA,NA,NA
"773",2007.2,-352.28,NA,NA,-1043.29,NA
"774",2007.2083,NA,384.81,NA,NA,NA
"775",2007.29,-327.42,NA,NA,-1028.84,NA
"776",2007.2917,NA,386.73,NA,NA,NA
"777",2007.37,-171.53,NA,NA,-1016.84,NA
"778",2007.375,NA,386.78,NA,NA,NA
"779",2007.45,-183.02,NA,NA,-1036.51,NA
"780",2007.4583,NA,386.33,NA,NA,NA
"781",2007.54,-259.85,NA,NA,-1166.26,NA
"782",2007.5417,NA,384.73,NA,NA,NA
"783",2007.62,-223.61,NA,NA,-1362.49,NA
"784",2007.625,NA,382.24,NA,NA,NA
"785",2007.7083,NA,381.2,NA,NA,NA
"786",2007.71,-150.57,NA,NA,-1425.08,NA
"787",2007.79,-239.08,NA,NA,-1452.66,NA
"788",2007.7917,NA,381.37,NA,NA,NA
"789",2007.87,-431.28,NA,NA,-1429.76,NA
"790",2007.875,NA,382.7,NA,NA,NA
"791",2007.9583,NA,384.19,NA,NA,NA
"792",2007.96,-513.31,NA,NA,-1368.96,NA
"793",2008,NA,NA,0.54,NA,"4,69"
"794",2008.04,-720.76,NA,NA,-1330.29,NA
"795",2008.0417,NA,385.78,NA,NA,NA
"796",2008.12,-600.08,NA,NA,-1347.42,NA
"797",2008.125,NA,386.06,NA,NA,NA
"798",2008.2083,NA,386.28,NA,NA,NA
"799",2008.21,-731.84,NA,NA,-1293.2,NA
"800",2008.29,-555.54,NA,NA,-1312.12,NA
"801",2008.2917,NA,387.33,NA,NA,NA
"802",2008.37,-465.02,NA,NA,-1328.38,NA
"803",2008.375,NA,388.78,NA,NA,NA
"804",2008.4583,NA,387.99,NA,NA,NA
"805",2008.46,-548.6,NA,NA,-1331.03,NA
"806",2008.54,-643.52,NA,NA,-1478.15,NA
"807",2008.5417,NA,386.61,NA,NA,NA
"808",2008.62,-594.91,NA,NA,-1639.09,NA
"809",2008.625,NA,384.32,NA,NA,NA
"810",2008.7083,NA,383.41,NA,NA,NA
"811",2008.71,-434.81,NA,NA,-1703.15,NA
"812",2008.79,-524.29,NA,NA,-1692.94,NA
"813",2008.7917,NA,383.21,NA,NA,NA
"814",2008.87,-512.7,NA,NA,-1618.32,NA
"815",2008.875,NA,384.41,NA,NA,NA
"816",2008.9583,NA,385.79,NA,NA,NA
"817",2008.96,-617.1,NA,NA,-1545,NA
"818",2009,NA,NA,0.65,NA,"5,26"
"819",2009.04,-697.78,NA,NA,-1526.44,NA
"820",2009.0417,NA,387.17,NA,NA,NA
"821",2009.12,-672.49,NA,NA,-1572.82,NA
"822",2009.125,NA,387.7,NA,NA,NA
"823",2009.2,-609.29,NA,NA,-1573.28,NA
"824",2009.2083,NA,389.04,NA,NA,NA
"825",2009.29,-571.38,NA,NA,-1553.29,NA
"826",2009.2917,NA,389.76,NA,NA,NA
"827",2009.37,-545.86,NA,NA,-1534.09,NA
"828",2009.375,NA,390.36,NA,NA,NA
"829",2009.4583,NA,389.7,NA,NA,NA
"830",2009.46,-532.31,NA,NA,-1542.69,NA
"831",2009.54,-431.32,NA,NA,-1651.69,NA
"832",2009.5417,NA,388.24,NA,NA,NA
"833",2009.62,-461.85,NA,NA,-1860.31,NA
"834",2009.625,NA,386.29,NA,NA,NA
"835",2009.7083,NA,384.95,NA,NA,NA
"836",2009.71,-474.72,NA,NA,-1914.96,NA
"837",2009.79,-529.23,NA,NA,-1890.45,NA
"838",2009.7917,NA,384.64,NA,NA,NA
"839",2009.87,-515.5,NA,NA,-1872.26,NA
"840",2009.875,NA,386.23,NA,NA,NA
"841",2009.9583,NA,387.63,NA,NA,NA
"842",2009.96,-625.31,NA,NA,-1847.29,NA
"843",2010,NA,NA,0.72,NA,"4,87"
"844",2010.04,-795.23,NA,NA,-1849.96,NA
"845",2010.0417,NA,388.91,NA,NA,NA
"846",2010.12,-801.35,NA,NA,-1831.11,NA
"847",2010.125,NA,390.41,NA,NA,NA
"848",2010.2,-682.39,NA,NA,-1820.42,NA
"849",2010.2083,NA,391.37,NA,NA,NA
"850",2010.29,-752.63,NA,NA,-1842.03,NA
"851",2010.2917,NA,392.67,NA,NA,NA
"852",2010.37,-773.96,NA,NA,-1810.74,NA
"853",2010.375,NA,393.21,NA,NA,NA
"854",2010.45,-790.51,NA,NA,-1917.02,NA
"855",2010.4583,NA,392.38,NA,NA,NA
"856",2010.54,-989.84,NA,NA,-2092.98,NA
"857",2010.5417,NA,390.41,NA,NA,NA
"858",2010.62,-916.86,NA,NA,-2286.96,NA
"859",2010.625,NA,388.54,NA,NA,NA
"860",2010.7083,NA,387.03,NA,NA,NA
"861",2010.71,-838.33,NA,NA,-2385.05,NA
"862",2010.79,-869.79,NA,NA,-2349.55,NA
"863",2010.7917,NA,387.43,NA,NA,NA
"864",2010.87,-890.57,NA,NA,-2365.72,NA
"865",2010.875,NA,388.87,NA,NA,NA
"866",2010.95,-903.52,NA,NA,-2348.91,NA
"867",2010.9583,NA,389.99,NA,NA,NA
"868",2011,NA,NA,0.61,NA,"4,56"
"869",2011.0417,NA,391.5,NA,NA,NA
"870",2011.125,NA,392.05,NA,NA,NA
"871",2011.13,-994.81,NA,NA,-2328.28,NA
"872",2011.2,-1008.99,NA,NA,-2312.92,NA
"873",2011.2083,NA,392.8,NA,NA,NA
"874",2011.29,-1021.11,NA,NA,-2308.26,NA
"875",2011.2917,NA,393.44,NA,NA,NA
"876",2011.37,-955.17,NA,NA,-2327.67,NA
"877",2011.375,NA,394.41,NA,NA,NA
"878",2011.4583,NA,393.95,NA,NA,NA
"879",2011.54,-903.35,NA,NA,-2517.55,NA
"880",2011.5417,NA,392.72,NA,NA,NA
"881",2011.62,-918.81,NA,NA,-2711.74,NA
"882",2011.625,NA,390.33,NA,NA,NA
"883",2011.7083,NA,389.28,NA,NA,NA
"884",2011.71,-829.25,NA,NA,-2769.48,NA
"885",2011.79,-874.95,NA,NA,-2792.3,NA
"886",2011.7917,NA,389.19,NA,NA,NA
"887",2011.83,-870.33,NA,NA,-2791.36,NA
"888",2011.875,NA,390.48,NA,NA,NA
"889",2011.9583,NA,392.06,NA,NA,NA
"890",2012,-1138.07,NA,0.65,-2731.23,"3,57"
"891",2012.04,-1067.41,NA,NA,-2741.45,NA
"892",2012.0417,NA,393.31,NA,NA,NA
"893",2012.12,-1131.21,NA,NA,-2722.06,NA
"894",2012.125,NA,394.04,NA,NA,NA
"895",2012.2083,NA,394.59,NA,NA,NA
"896",2012.21,-1107.48,NA,NA,-2677.93,NA
"897",2012.26,-1047.95,NA,NA,-2665.5,NA
"898",2012.2917,NA,396.38,NA,NA,NA
"899",2012.375,NA,396.93,NA,NA,NA
"900",2012.4583,NA,395.91,NA,NA,NA
"901",2012.46,-1084.31,NA,NA,-2695.14,NA
"902",2012.54,-1051.33,NA,NA,-2925.53,NA
"903",2012.5417,NA,394.56,NA,NA,NA
"904",2012.62,-971.21,NA,NA,-3237,NA
"905",2012.625,NA,392.59,NA,NA,NA
"906",2012.7,-938.21,NA,NA,-3337.32,NA
"907",2012.7083,NA,391.32,NA,NA,NA
"908",2012.7917,NA,391.27,NA,NA,NA
"909",2012.875,NA,393.2,NA,NA,NA
"910",2012.88,-1059.38,NA,NA,-3270.76,NA
"911",2012.9583,NA,394.57,NA,NA,NA
"912",2012.96,-1105.82,NA,NA,-3258.62,NA
"913",2013,NA,NA,0.67,NA,"5,21"
"914",2013.04,-1276.52,NA,NA,-3253.72,NA
"915",2013.0417,NA,395.78,NA,NA,NA
"916",2013.12,-1384.04,NA,NA,-3245.21,NA
"917",2013.125,NA,397.03,NA,NA,NA
"918",2013.2083,NA,397.66,NA,NA,NA
"919",2013.2917,NA,398.64,NA,NA,NA
"920",2013.3,-1125.36,NA,NA,-3244.17,NA
"921",2013.37,-1227.25,NA,NA,-3206.41,NA
"922",2013.375,NA,400.02,NA,NA,NA
"923",2013.4583,NA,398.81,NA,NA,NA
"924",2013.46,-1235.45,NA,NA,-3189.4,NA
"925",2013.54,-1197.92,NA,NA,-3300.88,NA
"926",2013.5417,NA,397.51,NA,NA,NA
"927",2013.625,NA,395.39,NA,NA,NA
"928",2013.7083,NA,393.72,NA,NA,NA
"929",2013.79,-1289.52,NA,NA,-3363.56,NA
"930",2013.7917,NA,393.9,NA,NA,NA
"931",2013.87,-1336.74,NA,NA,-3363.83,NA
"932",2013.875,NA,395.36,NA,NA,NA
"933",2013.9583,NA,397.03,NA,NA,NA
"934",2013.96,-1388.09,NA,NA,-3353.18,NA
"935",2014,NA,NA,0.74,NA,"5,22"
"936",2014.02,-1497.8,NA,NA,-3337.21,NA
"937",2014.0417,NA,398.04,NA,NA,NA
"938",2014.125,NA,398.27,NA,NA,NA
"939",2014.2,-1604.11,NA,NA,-3285.69,NA
"940",2014.2083,NA,399.91,NA,NA,NA
"941",2014.29,-1523.72,NA,NA,-3274.52,NA
"942",2014.2917,NA,401.51,NA,NA,NA
"943",2014.37,-1430.18,NA,NA,-3272.19,NA
"944",2014.375,NA,401.96,NA,NA,NA
"945",2014.45,-1474.46,NA,NA,-3312.63,NA
"946",2014.4583,NA,401.43,NA,NA,NA
"947",2014.5417,NA,399.27,NA,NA,NA
"948",2014.62,-1522.64,NA,NA,-3595.26,NA
"949",2014.625,NA,397.18,NA,NA,NA
"950",2014.7083,NA,395.54,NA,NA,NA
"951",2014.71,-1349.46,NA,NA,-3634.17,NA
"952",2014.79,-1438.74,NA,NA,-3616.64,NA
"953",2014.7917,NA,396.16,NA,NA,NA
"954",2014.875,NA,397.4,NA,NA,NA
"955",2014.88,-1513.09,NA,NA,-3612.98,NA
"956",2014.9583,NA,399.08,NA,NA,NA
"957",2015,NA,NA,0.89,NA,"4,62"
"958",2015.0417,NA,400.18,NA,NA,NA
"959",2015.06,-1817.86,NA,NA,-3527.48,NA
"960",2015.12,-1894.34,NA,NA,-3533.11,NA
"961",2015.125,NA,400.55,NA,NA,NA
"962",2015.2,-1858.86,NA,NA,-3488.63,NA
"963",2015.2083,NA,401.74,NA,NA,NA
"964",2015.29,-1837.87,NA,NA,-3479.57,NA
"965",2015.2917,NA,403.35,NA,NA,NA
"966",2015.32,-1765.62,NA,NA,-3477.08,NA
"967",2015.375,NA,404.15,NA,NA,NA
"968",2015.4583,NA,402.97,NA,NA,NA
"969",2015.53,-1733.56,NA,NA,-3663.24,NA
"970",2015.5417,NA,401.46,NA,NA,NA
"971",2015.62,-1883.31,NA,NA,-3798.55,NA
"972",2015.625,NA,399.11,NA,NA,NA
"973",2015.7,-1837.29,NA,NA,-3832.01,NA
"974",2015.7083,NA,397.82,NA,NA,NA
"975",2015.7917,NA,398.49,NA,NA,NA
"976",2015.875,NA,400.27,NA,NA,NA
"977",2015.9583,NA,402.06,NA,NA,NA
"978",2015.98,-1881.26,NA,NA,-3778.2,NA
"979",2016,NA,NA,1.01,NA,"4,53"
"980",2016.04,-1902.3,NA,NA,-3722.47,NA
"981",2016.0417,NA,402.73,NA,NA,NA
"982",2016.12,-1978.22,NA,NA,-3744.12,NA
"983",2016.125,NA,404.25,NA,NA,NA
"984",2016.2083,NA,405.06,NA,NA,NA
"985",2016.21,-1913.92,NA,NA,-3744.58,NA
"986",2016.2917,NA,407.6,NA,NA,NA
"987",2016.375,NA,407.9,NA,NA,NA
"988",2016.38,-1777.79,NA,NA,-3712.72,NA
"989",2016.4583,NA,406.99,NA,NA,NA
"990",2016.46,-1760.63,NA,NA,-3708.82,NA
"991",2016.54,-1641.94,NA,NA,-3882,NA
"992",2016.5417,NA,404.59,NA,NA,NA
"993",2016.625,NA,402.45,NA,NA,NA
"994",2016.64,-1587.87,NA,NA,-4133.96,NA
"995",2016.7083,NA,401.23,NA,NA,NA
"996",2016.7917,NA,401.79,NA,NA,NA
"997",2016.875,NA,403.72,NA,NA,NA
"998",2016.91,-1661.11,NA,NA,-4010.87,NA
"999",2016.9583,NA,404.64,NA,NA,NA
"1000",2016.98,-1571.79,NA,NA,-4074.02,NA
"1001",2017,NA,NA,0.92,NA,"4,82"
"1002",2017.0417,NA,406.36,NA,NA,NA
"1003",2017.06,-1591.3,NA,NA,-4021.55,NA
"1004",2017.125,NA,406.66,NA,NA,NA
"1005",2017.2083,NA,407.54,NA,NA,NA
"1006",2017.25,-1911.15,NA,NA,-4013,NA
"1007",2017.2917,NA,409.22,NA,NA,NA
"1008",2017.31,-1833.14,NA,NA,-3979.29,NA
"1009",2017.36,-1798.87,NA,NA,-3973.56,NA
"1010",2017.375,NA,409.89,NA,NA,NA
"1011",2017.44,-1796.49,NA,NA,-4000.98,NA
"1012",2017.4583,NA,409.08,NA,NA,NA
"1013",2017.5417,NA,407.33,NA,NA,NA
"1014",2017.625,NA,405.32,NA,NA,NA
"1015",2017.7083,NA,403.57,NA,NA,NA
"1016",2017.7917,NA,403.82,NA,NA,NA
"1017",2017.875,NA,405.31,NA,NA,NA
"1018",2017.9583,NA,407,NA,NA,NA
"1019",2018,NA,NA,0.85,NA,"4,79"
"1020",2018.0417,NA,408.15,NA,NA,NA
"1021",2018.125,NA,408.52,NA,NA,NA
"1022",2018.2083,NA,409.59,NA,NA,NA
"1023",2018.2917,NA,410.45,NA,NA,NA
"1024",2018.375,NA,411.44,NA,NA,NA
"1025",2018.45,-1967.5,NA,NA,-4055.15,NA
"1026",2018.4583,NA,410.99,NA,NA,NA
"1027",2018.52,-1983.12,NA,NA,-4079.01,NA
"1028",2018.5417,NA,408.9,NA,NA,NA
"1029",2018.625,NA,407.16,NA,NA,NA
"1030",2018.7083,NA,405.71,NA,NA,NA
"1031",2018.7917,NA,406.19,NA,NA,NA
"1032",2018.83,-2242.37,NA,NA,-4219.08,NA
"1033",2018.87,-2206.66,NA,NA,-4185.2,NA
"1034",2018.875,NA,408.21,NA,NA,NA
"1035",2018.9583,NA,409.27,NA,NA,NA
"1036",2018.96,-2258.68,NA,NA,-4196.42,NA
"1037",2019,NA,NA,0.98,NA,"4,36"
"1038",2019.04,-2349.45,NA,NA,-4201.46,NA
"1039",2019.0417,NA,411.03,NA,NA,NA
"1040",2019.12,-2392.7,NA,NA,-4227.59,NA
"1041",2019.125,NA,411.96,NA,NA,NA
"1042",2019.2,-2296.6,NA,NA,-4248.42,NA
"1043",2019.2083,NA,412.18,NA,NA,NA
"1044",2019.29,-2116.61,NA,NA,-4233.17,NA
"1045",2019.2917,NA,413.54,NA,NA,NA
"1046",2019.37,-2170.22,NA,NA,-4214.73,NA
"1047",2019.375,NA,414.86,NA,NA,NA
"1048",2019.45,-2262.15,NA,NA,-4270.56,NA
"1049",2019.4583,NA,414.16,NA,NA,NA
"1050",2019.54,-2166.4,NA,NA,-4472.29,NA
"1051",2019.5417,NA,411.97,NA,NA,NA
"1052",2019.62,-2211.57,NA,NA,-4701.73,NA
"1053",2019.625,NA,410.18,NA,NA,NA
"1054",2019.7083,NA,408.76,NA,NA,NA
"1055",2019.71,-2086.12,NA,NA,-4794.11,NA
"1056",2019.79,-2269.47,NA,NA,-4778.59,NA
"1057",2019.7917,NA,408.75,NA,NA,NA
"1058",2019.87,-2330.26,NA,NA,-4736.59,NA
"1059",2019.875,NA,410.48,NA,NA,NA
"1060",2019.9583,NA,411.98,NA,NA,NA
"1061",2019.96,-2375.21,NA,NA,-4741.08,NA
"1062",2020,NA,NA,1.02,NA,"4"
"1063",2020.04,-2683.42,NA,NA,-4778.74,NA
"1064",2020.0417,NA,413.61,NA,NA,NA
"1065",2020.12,-2793.27,NA,NA,-4732.5,NA
"1066",2020.125,NA,414.34,NA,NA,NA
"1067",2020.2083,NA,414.74,NA,NA,NA
"1068",2020.21,-2611.1,NA,NA,-4767.79,NA
"1069",2020.29,-2517,NA,NA,-4758.69,NA
"1070",2020.2917,NA,416.45,NA,NA,NA
"1071",2020.37,-2438.81,NA,NA,-4731.5,NA
"1072",2020.375,NA,417.31,NA,NA,NA
"1073",2020.4583,NA,416.6,NA,NA,NA
"1074",2020.46,-2405.06,NA,NA,-4769.17,NA
"1075",2020.54,-2336.46,NA,NA,-4922.5,NA
"1076",2020.5417,NA,414.62,NA,NA,NA
"1077",2020.62,-2228.37,NA,NA,-5004.54,NA
"1078",2020.625,NA,412.78,NA,NA,NA
"1079",2020.7083,NA,411.52,NA,NA,NA
"1080",2020.71,-2415.45,NA,NA,-5009.54,NA
"1081",2020.79,-2516.41,NA,NA,-4942.92,NA
"1082",2020.7917,NA,411.51,NA,NA,NA
"1083",2020.87,-2561.88,NA,NA,-4938.02,NA
"1084",2020.875,NA,413.12,NA,NA,NA
"1085",2020.9583,NA,414.26,NA,NA,NA
"1086",2020.96,-2714.83,NA,NA,-4916.28,NA
"1087",2021,NA,NA,0.84,NA,"4,92"
"1088",2021.04,-3029.88,NA,NA,-4856.03,NA
"1089",2021.0417,NA,415.52,NA,NA,NA
"1090",2021.12,-2714.44,NA,NA,-4917.86,NA
"1091",2021.125,NA,416.75,NA,NA,NA
"1092",2021.2,-2667.45,NA,NA,-4913.35,NA
"1093",2021.2083,NA,417.64,NA,NA,NA
"1094",2021.29,-2455.75,NA,NA,-4892.3,NA
"1095",2021.2917,NA,419.05,NA,NA,NA
"1096",2021.37,-2438.42,NA,NA,-4937.8,NA
"1097",2021.375,NA,419.13,NA,NA,NA
"1098",2021.4583,NA,418.94,NA,NA,NA
"1099",2021.46,-2603.65,NA,NA,-4932.72,NA
"1100",2021.54,-2650.01,NA,NA,-4969.59,NA
"1101",2021.5417,NA,416.96,NA,NA,NA
"1102",2021.62,-2602.02,NA,NA,-5108.09,NA
"1103",2021.625,NA,414.47,NA,NA,NA
"1104",2021.7083,NA,413.3,NA,NA,NA
"1105",2021.71,-2668.95,NA,NA,-5158.03,NA
"1106",2021.79,-2522.81,NA,NA,-5201.79,NA
"1107",2021.7917,NA,413.93,NA,NA,NA
"1108",2021.87,-2855.94,NA,NA,-5163.21,NA
"1109",2021.875,NA,415.01,NA,NA,NA
"1110",2021.9583,NA,416.71,NA,NA,NA
"1111",2021.96,-2744.04,NA,NA,-5132.78,NA
"1112",2022.04,-2704.92,NA,NA,-5123.3,NA
"1113",2022.0417,NA,418.19,NA,NA,NA
"1114",2022.12,-2663.26,NA,NA,-5110.06,NA
"1115",2022.125,NA,419.28,NA,NA,NA
"1116",2022.2,-2630.04,NA,NA,-5094.57,NA
"1117",2022.2083,NA,418.81,NA,NA,NA
"1118",2022.29,-2298.75,NA,NA,-5081.1,NA
"1119",2022.2917,NA,420.23,NA,NA,NA
"1120",2022.37,-2155.93,NA,NA,-5107.15,NA
"1121",2022.375,NA,420.99,NA,NA,NA
"1122",2022.45,-2358.85,NA,NA,-5087.88,NA
"1123",2022.4583,NA,420.99,NA,NA,NA
"1124",2022.54,-2419.38,NA,NA,-5166.61,NA
"1125",2022.5417,NA,418.9,NA,NA,NA
"1126",2022.625,NA,417.19,NA,NA,NA
